user_id,username,email,password_hash,role,last_login,created_at
1,hamza.khattak,hamza.khattak@relief.pk,0f92e400b773a60a8a0f521f0c6ccc1299fa376e7db1584622b75c3983232ab0,Admin,,2024-10-08 08:54:58
2,kashif.afridi,kashif.afridi@relief.pk,6bfc47c4a37327129887bb8d7fe2f916a7c706e20caaedb9162801d020f7b516,Admin,2026-05-13 19:51:22,2024-03-30 21:29:57
3,khadija.ahmed,khadija.ahmed@relief.pk,97198090a72d7e63e1b777c25aa7b6a8568f467d066ef84e3a71415b3315f5ce,Admin,,2024-08-11 08:28:15
4,kamran.niazi,kamran.niazi@relief.pk,7d08116174022d17f3d9e3e08e1dc69bf705dba9647a8292e2b453b21ed86937,Admin,,2024-07-22 23:39:41
5,adeel.orakzai,adeel.orakzai@relief.pk,149c1bb67c9834cd4023cf612dbf76760d29104ff98ad72acb2b5033e37c3923,Admin,2026-01-16 21:27:16,2024-10-11 00:14:11
6,rehan.malik,rehan.malik@relief.pk,cb6766d698e21effd8b81adfbb769044508135608c99f8b6d7b7fd95c2abf05e,Coordinator,2025-11-22 10:07:01,2024-06-08 07:50:21
7,rehan.qureshi,rehan.qureshi@relief.pk,7b7a1ef8d5b74f514cd1c5078b404e5c500891bbb887c0c010de2684cdeef95b,Coordinator,,2025-01-24 03:31:16
8,farhan.durrani,farhan.durrani@relief.pk,0a5d8521642b5ad60ed7311d924cce2dd709c7fd59906c107b38b7e76cc1a93c,Coordinator,2025-06-23 16:43:37,2025-07-03 04:32:41
9,zubair.shah,zubair.shah@relief.pk,7153f7881caae9f9dc8325428a52f51ca10d3db82b052b0772f9c017c0d4ddb0,Coordinator,2026-04-18 22:31:10,2025-01-05 21:01:14
10,imran.lodhi,imran.lodhi@relief.pk,cac4a0cfa8d5e0de6d1b47fe4f59bc10118c3b0713485455b98799fff6acadb8,Coordinator,,2025-11-08 08:17:51
11,hafsa.siddiqui,hafsa.siddiqui@relief.pk,a2b5b11ac5dbaad62ef7913e559a4c718e5b4b4b67eaed7cce57192fab8add33,Coordinator,2025-09-28 03:40:38,2025-01-24 10:07:14
12,sumaya.awan,sumaya.awan@relief.pk,75800f66af61596862241081981daf422b0d93cdd6a23476043e1e81b8f9f125,Coordinator,2025-08-23 13:28:40,2024-12-29 07:37:40
13,omer.bukhari,omer.bukhari@relief.pk,5329e9c8160526b1e6e7295ace0c06e4b2ebe3fa1667f0adb26caaa8be67d005,Coordinator,2026-04-28 02:35:58,2025-09-15 23:07:07
14,faheem.orakzai,faheem.orakzai@relief.pk,46efbde2c6a13b1a9805cf1656f121267de4fed9bc4f55d08ff266202ddcdc47,Coordinator,2025-08-23 16:49:49,2025-01-23 09:49:42
15,hamza.lodhi,hamza.lodhi@relief.pk,c0ef896073972172aaade40592c4005b836aa69e9166db590a397a9f5d743a94,Coordinator,2025-11-14 02:02:11,2024-08-22 01:10:07
16,junaid.yousafzai,junaid.yousafzai@relief.pk,8eb12335955ab9860cc4138e97f49880c2a9344b4bc89ef66779260b65e27324,Coordinator,2025-09-17 20:39:01,2024-11-18 07:44:29
17,sidra.shinwari,sidra.shinwari@relief.pk,8ff743d7a5d3d8e6f888a6592071aa3ec2495cab555890f88f5ad9f6db06f2b4,Coordinator,2026-04-26 16:42:22,2024-05-26 09:38:38
18,ali.iqbal,ali.iqbal@relief.pk,0c211b05d541eb7e8d35b91c131426037661ca9426faf7034559800401dcce6b,Coordinator,2026-03-03 09:33:58,2025-08-21 15:35:55
19,lubna.yousafzai,lubna.yousafzai@relief.pk,9faeb3196b85dc58ff7fbab0bcbf9af55bd55bc826b281f0ca84a7b7beaed13e,Coordinator,2025-08-10 18:33:04,2025-05-20 03:18:35
20,rehan.ahmed,rehan.ahmed@relief.pk,c7e2ef0c4c318701a23c5dfdc07e00975cbdd6a7a12f19d45f9fe8a18a39eedb,Coordinator,2025-08-18 22:50:40,2024-06-12 15:22:13
21,faisal.shah,faisal.shah@relief.pk,39d9cf1e0adbb087bba4ad58a2eb92fd197d843305fdfa5bc5f274e1fc713c4f,Coordinator,2026-04-02 17:02:28,2025-06-25 09:09:13
22,tahira.khan,tahira.khan@relief.pk,32d0131959a1e83064c6b864ee254ed25ec95fa06be281770acded751ac80f85,Coordinator,2025-07-29 19:33:01,2024-09-30 23:20:12
23,amina.khattak,amina.khattak@relief.pk,20b26e75403678b695d81e3c7be83c3049353ef5295d3ddd7c2c618a4126af1a,Coordinator,2025-08-20 16:31:10,2024-01-04 09:35:22
24,kamran.mengal,kamran.mengal@relief.pk,7dd36ede4c9fc878bb1778d27b8645890a12da224e6581aa89582004d671a064,Coordinator,,2024-04-18 22:45:59
25,rabia.awan,rabia.awan@relief.pk,d534da9098acc41b62d2abd76f144dff2b47186b02c1bedac4ed2e42ca539e6b,Coordinator,2025-09-10 05:33:52,2025-01-17 05:52:54
26,rizwan.mengal,rizwan.mengal@relief.pk,6b8c6f8b64be2e8050a75a5bf3ef3b2d639d2cdad92c43f4447769e453446613,Driver,2025-06-01 21:48:24,2024-11-27 17:47:22
27,fatima.khattak,fatima.khattak@relief.pk,dadf03c8888681fe71f9e232ef504be1961f9fcc4751fa60796d83b565deee08,Driver,2025-11-05 08:43:05,2024-02-29 08:46:11
28,danish.shah,danish.shah@relief.pk,551ee4fcc7535c6c78085f41de84fffceb9b5c004cce1bd697e2262738bf91eb,Driver,,2025-05-12 02:31:11
29,rehan.orakzai,rehan.orakzai@relief.pk,6b9252a0c845b8209308a0aaaf9e4ebc0f53c8116eb8be21d8a588affa4ff072,Driver,2025-08-05 17:18:16,2025-07-16 06:00:43
30,tariq.mohmand,tariq.mohmand@relief.pk,b980f7a75e02166494088d1b03a1a84156217f533dd029c30e59f13f07a29d13,Driver,2026-01-03 07:42:40,2025-07-06 07:19:25
31,samia.siddiqui,samia.siddiqui@relief.pk,14796b7fc6a1fb367bd76a72deefcea1cc420d58b9f580b8fc595fd4db4fa513,Driver,2026-05-10 23:39:40,2025-01-17 15:57:02
32,bushra.wazir,bushra.wazir@relief.pk,32ecd665ae32e75897f5ccd5f8d537eff0f05b929d9f6e410e7076a59444eb40,Driver,,2024-08-18 02:19:52
33,amina.khan,amina.khan@relief.pk,f76498f8e475c07946b2cba8c009619ad8752062220026d151ac02edbaf35154,Driver,2025-09-26 21:25:28,2024-08-13 00:15:42
34,bilal.lodhi,bilal.lodhi@relief.pk,52d48a333503cf227287d2b396b10537d1909cfd9161cddd5ee1eeff6354af4a,Driver,2025-09-26 02:27:14,2024-02-02 12:01:49
35,bilal.mohmand,bilal.mohmand@relief.pk,6bc54bb78cfc8d082aef832fec298dba3cfc0e2849496f34ad8453ee37b30108,Driver,2026-05-09 17:40:24,2024-08-07 19:37:58
36,ali.baloch,ali.baloch@relief.pk,7a80203bea6a1d15c86e3eb850a1c4c91a08b4fe3f4cfa78f09f329f9170a01f,Driver,2026-03-20 20:58:45,2025-04-29 08:50:50
37,nabeel.bangash,nabeel.bangash@relief.pk,c54a1fddb145f7512cecc42c8602e9487e8c03a313f337a7b7687a4ac2752c1b,Driver,,2024-04-09 23:59:34
38,khadija.durrani,khadija.durrani@relief.pk,343471e15c20423a0acfab9010f9b0ffcb1dc52c9e711b7f66d87b6769f00fd2,Driver,2026-01-26 01:58:20,2025-11-20 23:47:29
39,sidra.khattak,sidra.khattak@relief.pk,d6a0ae7b9cc0030d4099391a8f15d79046177a958c98f423adcd1fecce49a82b,Driver,,2024-12-13 03:58:42
40,nadia.hussain,nadia.hussain@relief.pk,3ae8bd5587c596e49fc15f2e19ac3666478b11aece18a1dea458b6f999438ccc,Driver,,2025-04-04 05:06:13
41,khadija.malik,khadija.malik@relief.pk,d575adf486f842ac52fd03f57571905bd5807ae3f67d57e3b8096adb98a88cbc,Driver,2025-10-06 02:44:40,2025-03-29 20:02:12
42,usman.ahmed,usman.ahmed@relief.pk,eb74c96a434e502da5a0c339ab2c62a515a42a8fe804d2ecf9523620589f5420,Driver,2026-03-04 00:32:14,2024-04-05 08:36:22
43,faheem.bangash,faheem.bangash@relief.pk,1667e7210ff564ea534046b458c6aca4a7863e545670343a4e7e9e8455d0e89a,Driver,2025-09-18 14:36:05,2024-03-01 05:59:39
44,zubair.khan,zubair.khan@relief.pk,0c35f5833ba122d9f8b6621284ff785d6b012687a2e3d2ab2955efff639dfc75,Driver,2025-10-14 16:33:58,2024-10-19 15:24:04
45,adeel.baloch,adeel.baloch@relief.pk,4cc2b6cb1ca248d18602cc9daf13fd1676f7be31fae30ce2ec092c0a1950f645,Driver,2026-03-12 17:43:08,2024-06-07 06:54:50
46,asif.hussain,asif.hussain@relief.pk,a11b332532c9ee4836fa71163c0c3b113e755713b2f2a5c3b2ec10faad9dadec,Driver,2026-03-24 19:44:26,2024-03-03 11:25:04
47,ayesha.ahmed,ayesha.ahmed@relief.pk,1b632ef01e2f8282177e2fcdaf5006fe67ccb9d778a9103fb51d7587561fdbce,Driver,2026-02-13 19:20:15,2024-06-10 02:04:15
48,kamran.shah,kamran.shah@relief.pk,b2d40994236a8a68ffed5cdacf8d6b5f9d5a81ebab4d49275caa08c17041c1cd,Driver,2025-07-06 21:39:52,2024-03-10 08:33:48
49,mariam.khattak,mariam.khattak@relief.pk,c76c1d176c9654751f10c261433698f06675938ddf5da2d69056077bbcea73d4,Driver,2026-03-19 08:57:51,2025-08-15 21:38:44
50,hassan.niazi,hassan.niazi@relief.pk,be1cbe12c1faadb49564119b1af1927b8589b5908a275c0d32fadab171ef6aa3,Driver,,2025-11-04 21:15:03
51,danish.mohmand,danish.mohmand@relief.pk,0289d5328474e388dd628b5cb49f4d32ba8db3e05c0bc004845cfb7519ae62e9,Viewer,2025-10-12 07:26:12,2025-11-16 11:26:20
52,nadia.bukhari,nadia.bukhari@relief.pk,e8c2944a2714e97c36f74cf7cfc9a0d4f55fca0d6e39733b110b265eccb25e2b,Viewer,2026-05-10 23:30:07,2024-11-03 16:38:49
53,junaid.mengal,junaid.mengal@relief.pk,a6c0ce0b9c0791a76fbd533ad7917fd1e7acc748bf3722acf520332af08367a7,Viewer,2025-06-05 16:41:08,2025-09-28 20:29:52
54,usman.shah,usman.shah@relief.pk,e7fd0730810c61125ca3abf8bfd9c8db9f6446895ea703111977d8ea4d40a2c0,Viewer,2026-02-15 09:39:20,2024-05-15 12:42:25
55,bilal.iqbal,bilal.iqbal@relief.pk,6a47edbc14bcddeb478aa8060767f9b03c15268a23a55671fa564440b66d36e0,Viewer,2025-08-20 15:57:13,2025-07-10 11:00:51
56,noor.awan,noor.awan@relief.pk,80c35d9fe86d203b397d3dc0b1abf91e2e0dc5a055e9d6b6490f3e25432601f9,Viewer,2026-05-08 20:11:32,2024-11-02 03:46:17
57,ali.bukhari,ali.bukhari@relief.pk,f33dc9905ea5daab04b82a2eefc51744b10a5ecbb58f9cbf49574da29f63ae0b,Viewer,,2024-04-19 20:08:32
58,zara.bukhari,zara.bukhari@relief.pk,550469e512b095e5479da8b60b45cf1b16c7cae6349ea2e6d7cdcc2707720eed,Viewer,2025-09-16 12:29:02,2024-07-27 23:05:30
59,tariq.mohmand1,tariq.mohmand1@relief.pk,bd68addd2a72953ef2291d7e88e1060f2a9d3f64447d989b87157fc639985f1e,Viewer,2025-06-27 03:21:37,2025-10-11 15:25:18
60,mehreen.ahmed,mehreen.ahmed@relief.pk,4f434dd3e8081582379a07ce27c16f3469e2a9090384e4fff84ba71d282ab19b,Viewer,,2024-05-13 23:11:47
